{ "min": -0.9999999999999999583119736832e+28, "max": 0.9999999999999999583119736832e+28 }